Code id Protein ,Positive Sites
A0A0R0EC54,60
A0A0R0EK65,401
A0A0R0EXE0,216
A0A0R0F259,229
A0A0R0F259,231
A0A0R0F2Z4,81
A0A0R0FHZ4,448
A0A0R0FHZ4,449
A0A0R0FHZ4,73
A0A0R0FHZ4,75
A0A0R0FLD2,127
A0A0R0FM59,12
A0A0R0FM59,13
A0A0R0FM59,16
A0A0R0FM59,18
A0A0R0FRF8,46
A0A0R0G676,15
A0A0R0G676,16
A0A0R0GA14,112
A0A0R0GDY6,38
A0A0R0HEQ3,137
A0A0R0HH96,142
A0A0R0HR30,58
A0A0R0HSV1,212
A0A0R0HTU9,345
A0A0R0HTU9,349
A0A0R0HX26,34
A0A0R0HX26,570
A0A0R0HX26,572
A0A0R0I7K9,197
A0A0R0I9G1,1004
A0A0R0I9G1,1005
A0A0R0I9G1,1007
A0A0R0I9G1,1009
A0A0R0I9G1,1011
A0A0R0I9G1,1012
A0A0R0IE10,16
A0A0R0IE10,23
A0A0R0JF78,42
A0A0R0JF78,51
A0A0R0JF78,55
A0A0R0JKX7,26
A0A0R0JL19,263
A0A0R0K7S9,2
A0A0R0K933,327
A0A0R0K933,330
A0A0R0KBW5,158
A0A0R0KBW5,160
A0A0R0KBW5,161
A0A0R0KBW5,163
A0A0R0KBW5,165
A0A0R0KBW5,166
A0A0R0KBW5,196
A0A0R0KBW5,198
A0A0R0KBW5,215
A0A0R0KRL3,102
A0A0R0L9T9,128
A0A0R0LBX0,173
A0A0R0LJG6,836
A0A0R4J2R5,232
A0A0R4J309,14
A0A0R4J3E4,21
A0A0R4J3E4,243
A0A0R4J3E4,388
A0A0R4J3E4,390
A0A0R4J3E4,391
A0A0R4J3E4,392
A0A0R4J3P1,2
A0A0R4J3P8,2
A0A0R4J3Q2,147
A0A0R4J3Q2,150
A0A0R4J3Q2,166
A0A0R4J3S3,481
A0A0R4J3S4,211
A0A0R4J3S4,213
A0A0R4J3X6,94
A0A0R4J3X7,10
A0A0R4J3X7,11
A0A0R4J3X7,14
A0A0R4J3X7,15
A0A0R4J3X7,17
A0A0R4J3Z1,182
A0A0R4J3Z1,183
A0A0R4J3Z1,184
A0A0R4J3Z1,190
A0A0R4J460,399
A0A0R4J460,400
A0A0R4J485,75
A0A0R4J485,81
A0A0R4J498,12
A0A0R4J498,275
A0A0R4J498,277
A0A0R4J498,284
A0A0R4J498,774
A0A0R4J498,776
A0A0R4J498,782
A0A0R4J4D2,23
A0A0R4J4E6,379
A0A0R4J4E6,386
A0A0R4J4E6,405
A0A0R4J4H3,128
A0A0R4J4H3,130
A0A0R4J4H3,131
A0A0R4J4H3,132
A0A0R4J4H3,87
A0A0R4J4H3,99
A0A0R4J4Q5,27
A0A0R4J4Q5,29
A0A0R4J4Q5,31
A0A0R4J5K1,148
A0A0R4J5L2,7
A0A0R4J5Z2,627
A0A0R4J5Z2,730
A0A0R4J5Z2,735
A0A0R4J5Z2,738
A0A0R4J5Z2,83
A0A0R4J654,186
A0A0R4J654,189
A8C8H5,13
A8C8H5,8
B2DBE7,401
B3TDK7,211
B3TDK7,734
B3TDK7,737
B5KMS9,24
C0JJJ2,3581
C0JJJ2,3582
C0JJJ2,3596
C0JJJ2,3598
C0JJJ2,3599
C0JJJ2,3602
C0LZ80,530
C4TP24,841
C4TP24,843
C6SV91,2
C6SVD6,33
C6SVD6,34
C6SVD6,37
C6SVD6,39
C6SVE9,142
C6SVE9,144
C6SVE9,151
C6SVE9,153
C6SVE9,156
C6SVH9,79
C6SVM8,137
C6SVM8,19
C6SVP6,148
C6SVV1,28
C6SVV1,84
C6SW29,110
C6SW29,113
C6SW29,114
C6SW29,115
C6SW29,117
C6SW29,119
C6SW29,55
C6SW43,96
C6SWA5,130
C6SWA6,129
C6SWA6,138
C6SWI0,226
C6SWI0,228
C6SWI0,230
C6SWK8,21
C6SWK8,29
C6SWL2,46
C6SWT3,56
C6SWV3,179
C6SWY3,30
C6SWY3,36
C6SX76,2
C6SX99,138
C6SXG2,36
C6SXI7,46
C6SXJ2,38
C6SXW3,24
C6SYA4,10
C6SYA4,16
C6SYA4,17
C6SYA4,63
C6SYA4,9
C6SYA5,120
C6SYC1,38
C6SYW1,51
C6SYW1,54
C6SYW6,29
C6SYW6,32
C6SYW6,80
C6SZA1,145
C6SZA1,146
C6SZA1,149
C6SZI2,60
C6SZI9,91
C6SZI9,92
C6SZQ3,24
C6SZV9,181
C6SZV9,183
C6SZV9,187
C6SZV9,188
C6SZV9,206
C6SZY3,26
C6T054,162
C6T054,164
C6T054,165
C6T054,166
C6T054,168
C6T0L0,39
C6T142,2
C6T142,5
C6T1E2,84
C6T1E5,130
C6T1H3,25
C6T1W3,106
C6T1W3,107
C6T1W3,108
C6T1W3,109
C6T1W3,110
C6T1W3,112
C6T227,21
C6T2F3,177
C6T2T9,218
C6T2Y2,162
C6T3K0,34
C6T3K0,76
C6T3K2,33
C6T3P2,3
C6T3P2,7
C6T3R4,96
C6T3W9,2
C6T419,42
C6T463,115
C6T480,157
C6T491,97
C6T4E0,14
C6T4E0,15
C6T4P7,185
C6T4P7,229
C6T4P7,231
C6T4P7,237
C6T4P7,240
C6T4P7,241
C6T4Q4,150
C6T4R5,90
C6T4R5,92
C6T4R5,94
C6T530,189
C6T5A6,75
C6T5A6,77
C6T5B0,243
C6T5B0,244
C6T5J1,130
C6T5Z0,5
C6T5Z0,6
C6T750,307
C6T7E2,235
C6T7E2,236
C6T7E2,237
C6T7E2,241
C6T7K3,39
C6T7K3,44
C6T7R1,102
C6T7R1,103
C6T7R1,152
C6T7R1,34
C6T7R1,35
C6T7R1,95
C6T7V4,321
C6T7V4,325
C6T923,393
C6T923,416
C6T923,419
C6T923,422
C6T990,24
C6T990,26
C6T9F2,172
C6T9F2,190
C6T9F2,82
C6TA41,95
C6TA41,96
C6TA84,154
C6TAV5,14
C6TAV5,18
C6TAV5,27
C6TAV5,32
C6TAV5,38
C6TAV5,40
C6TAX7,50
C6TAX7,52
C6TAX7,68
C6TAX7,70
C6TAX7,71
C6TAX7,72
C6TAX7,73
C6TAX7,74
C6TAX7,75
C6TAX7,76
C6TB16,263
C6TCP9,131
C6TCP9,133
C6TCP9,20
C6TDQ3,23
C6TDQ3,315
C6TDS4,179
C6TDS4,186
C6TDS4,188
C6TDS4,191
C6TDU5,214
C6TE15,12
C6TE93,140
C6TEB0,24
C6TEB0,29
C6TEB0,31
C6TEB0,33
C6TEJ2,350
C6TEJ8,45
C6TEJ8,184
C6TER9,65
C6TEX7,29
C6TEX7,32
C6TEX7,33
C6TEX7,36
C6TEX7,37
C6TFG0,154
C6TFG0,164
C6TFM4,27
C6TFW4,140
C6TGE0,240
C6TGE0,243
C6TGT0,275
C6TGT0,276
C6TGT0,280
C6TGU6,196
C6TGU6,2
C6TGU6,32
C6TGU6,33
C6TGU6,35
C6TGU6,397
C6TGU6,398
C6TGZ5,49
C6TGZ5,53
C6TGZ5,57
C6TGZ5,61
C6TGZ5,62
C6TGZ7,246
C6TH01,252
C6TH15,231
C6TI71,2
C6TIS1,317
C6TIS1,320
C6TIY1,171
C6TIY1,179
C6TIY1,190
C6TIY1,191
C6TJG5,222
C6TJJ8,204
C6TJK7,29
C6TJK7,31
C6TJK7,35
C6TJN7,156
C6TJN7,253
C6TK09,120
C6TK72,93
C6TKR4,85
C6TL91,156
C6TL91,157
C6TL91,162
C6TLB6,106
C6TLB6,109
C6TLB6,110
C6TLC2,32
C6TMB3,14
C6TMB3,19
C6TMB3,22
C6TMB3,9
C6TMB5,38
C6TML1,4
C6TML1,6
C6TNP3,133
C6TNP3,141
C6TNP3,146
C6TNP3,148
C6TNP3,221
C6TNP3,94
C6TP11,310
C6ZHS4,2
C6ZRS6,420
C6ZRS6,423
C6ZRX2,192
C6ZRX2,194
C6ZRX2,37
C6ZRX2,39
C6ZRX2,40
C6ZRX2,42
C6ZRX2,44
C6ZRX2,45
C6ZRX2,48
D4N5G3,329
D6C4Z9,219
D6QX28,38
F2X1X4,465
F2X1X4,467
F2X1X4,536
F6KBT3,101
G9I8U0,3
G9I8U0,9
H9CDQ2,1029
H9CDQ2,1031
H9CDQ2,1033
H9CDQ2,1119
H9CDQ2,1120
H9CDQ2,1123
H9CDQ2,1136
H9CDQ2,1141
I1J414,334
I1J414,335
I1J414,337
I1J414,341
I1J414,344
I1J414,348
I1J4G7,31
I1J4L9,534
I1J4P0,165
I1J4P0,171
I1J4P0,19
I1J4P0,199
I1J4P0,24
I1J4P0,29
I1J4P0,52
I1J4P0,54
I1J4P0,57
I1J4P0,59
I1J4P0,62
I1J4S3,48
I1J4S3,50
I1J4V9,24
I1J4Z1,93
I1J4Z1,95
I1J503,481
I1J507,7
I1J507,827
I1J507,951
I1J5J5,305
I1J5J5,310
I1J5J5,4
I1J5J5,6
I1J5M2,106
I1J5M2,472
I1J5M2,516
I1J5M2,549
I1J5S9,36
I1J5S9,79
I1J5S9,82
I1J5T5,114
I1J5T5,406
I1J5T5,411
I1J5T5,444
I1J5T5,840
I1J5T5,842
I1J5T5,846
I1J5Y9,393
I1J5Y9,395
I1J5Y9,396
I1J631,55
I1J631,61
I1J631,65
I1J651,489
I1J654,284
I1J666,524
I1J687,25
I1J687,27
I1J693,437
I1J6C3,124
I1J6C3,133
I1J6C3,134
I1J6C3,138
I1J6C3,140
I1J6C3,169
I1J6C3,170
I1J6C3,171
I1J6C3,172
I1J6C3,309
I1J6C3,311
I1J6C3,312
I1J6C3,313
I1J6C3,392
I1J730,579
I1J730,582
I1J730,584
I1J730,587
I1J7A1,120
I1J7A8,111
I1J7A8,113
I1J7A8,48
I1J7C7,17
I1J7G5,17
I1J7R6,633
I1J7R6,637
I1J7R6,639
I1J7S6,150
I1J7S6,55
I1J7Y4,1574
I1J803,69
I1J804,359
I1J847,255
I1J895,105
I1J895,107
I1J895,109
I1J898,217
I1J898,221
I1J898,222
I1J898,225
I1J8K2,266
I1J8M4,31
I1J8S1,261
I1J8X9,25
I1J8X9,32
I1J8X9,37
I1J903,69
I1J919,196
I1J919,474
I1J946,568
I1J946,569
I1J946,571
I1J966,33
I1J9G3,24
I1J9G3,28
I1J9L3,198
I1J9L3,261
I1J9L3,263
I1J9V8,1097
I1J9V8,39
I1J9W0,101
I1J9W0,102
I1J9X8,208
I1J9X8,210
I1J9X8,212
I1J9X8,520
I1JA20,233
I1JAF5,130
I1JAF5,131
I1JAF5,132
I1JAF5,137
I1JAK5,209
I1JAK5,264
I1JAN9,149
I1JB12,416
I1JB18,122
I1JB18,125
I1JB18,126
I1JB18,129
I1JB18,130
I1JB18,131
I1JB18,135
I1JB18,136
I1JB18,138
I1JB18,140
I1JB35,321
I1JB35,613
I1JB35,619
I1JB62,316
I1JB62,317
I1JB62,318
I1JB80,111
I1JB80,113
I1JB80,117
I1JBS2,607
I1JBS2,614
I1JBV5,299
I1JBX6,145
I1JBX6,160
I1JBX6,171
I1JBX6,183
I1JCC9,156
I1JCC9,210
I1JCC9,211
I1JCC9,215
I1JCC9,217
I1JCC9,231
I1JCC9,232
I1JCC9,236
I1JCC9,4
I1JCC9,58
I1JCC9,60
I1JCP6,22
I1JCR1,445
I1JD21,427
I1JD21,436
I1JD91,237
I1JD91,239
I1JD91,241
I1JD91,243
I1JD93,375
I1JD93,377
I1JD93,385
I1JDG4,806
I1JDH6,249
I1JDX0,556
I1JDX0,560
I1JDY1,384
I1JEF6,120
I1JEF6,149
I1JEG8,216
I1JEG8,218
I1JEG8,219
I1JEG8,235
I1JEG8,236
I1JEJ6,441
I1JET7,113
I1JET7,115
I1JET7,324
I1JET7,338
I1JET7,341
I1JET7,61
I1JEW5,34
I1JEW5,40
I1JEZ1,395
I1JEZ1,399
I1JEZ1,594
I1JEZ1,602
I1JEZ1,605
I1JEZ1,74
I1JEZ1,75
I1JEZ1,76
I1JF03,101
I1JF03,106
I1JF03,111
I1JF03,243
I1JF03,244
I1JF03,351
I1JF03,46
I1JF03,477
I1JF03,481
I1JF03,486
I1JF03,96
I1JF14,178
I1JF14,180
I1JF97,131
I1JF97,133
I1JF97,95
I1JF97,97
I1JF97,99
I1JFD2,129
I1JFD2,131
I1JFD2,133
I1JFD2,135
I1JFV5,1534
I1JFV5,1538
I1JFV5,652
I1JFV5,658
I1JG19,293
I1JG19,294
I1JG19,297
I1JGK9,70
I1JGM9,36
I1JGP6,36
I1JGP6,38
I1JGP9,304
I1JGQ1,26
I1JGQ1,27
I1JGQ1,29
I1JGQ1,30
I1JGQ1,31
I1JGQ1,32
I1JGR6,74
I1JGR6,75
I1JGR6,77
I1JH67,235
I1JH67,301
I1JH67,309
I1JH67,386
I1JH67,390
I1JH67,393
I1JH86,32
I1JH91,595
I1JHF2,265
I1JHF2,295
I1JHF2,296
I1JHF2,297
I1JHF2,298
I1JHW4,104
I1JHW4,144
I1JHW4,170
I1JHW4,173
I1JHW4,176
I1JHZ0,10
I1JHZ0,191
I1JHZ0,194
I1JHZ0,196
I1JHZ0,206
I1JHZ0,222
I1JHZ0,223
I1JHZ0,224
I1JHZ0,227
I1JHZ0,267
I1JHZ0,271
I1JHZ0,5
I1JHZ0,8
I1JHZ0,9
I1JI29,627
I1JI64,23
I1JI64,27
I1JI64,9
I1JIC0,472
I1JIC0,473
I1JIC0,474
I1JIC0,480
I1JIC0,49
I1JIC0,530
I1JIC0,544
I1JIC0,549
I1JIC0,552
I1JIC0,557
I1JIC0,72
I1JIC0,83
I1JIC8,206
I1JIK3,300
I1JIK3,302
I1JIK3,303
I1JIK3,304
I1JIK3,629
I1JIK3,635
I1JIP0,113
I1JIR8,67
I1JJ86,533
I1JJ86,537
I1JJ86,686
I1JJ86,688
I1JJ86,693
I1JJ86,707
I1JJ86,709
I1JJD4,143
I1JJD4,146
I1JJD4,148
I1JJD4,150
I1JJD4,152
I1JJH5,633
I1JJH5,639
I1JJQ0,26
I1JJQ0,29
I1JJQ0,551
I1JJQ0,553
I1JJR1,496
I1JJV5,228
I1JJV5,229
I1JJV5,230
I1JJV5,387
I1JJV5,391
I1JJV6,630
I1JK05,687
I1JKE0,300
I1JKE0,9
I1JKK6,76
I1JKK6,82
I1JKL8,43
I1JKL8,44
I1JKU5,125
I1JKU5,133
I1JKU5,139
I1JKU5,143
I1JKU5,144
I1JLN5,117
I1JLN5,118
I1JLN5,120
I1JLS5,307
I1JLS5,311
I1JM95,135
I1JM95,137
I1JMB0,576
I1JMB0,578
I1JMB4,334
I1JMG5,346
I1JMG5,349
I1JMG5,353
I1JMG5,356
I1JMG5,357
I1JMG5,364
I1JMQ0,92
I1JMQ0,97
I1JMZ2,73
I1JMZ2,75
I1JMZ2,77
I1JMZ2,81
I1JMZ6,130
I1JMZ6,133
I1JMZ6,7
I1JN11,659
I1JN11,660
I1JN11,661
I1JN11,663
I1JN11,664
I1JNE4,387
I1JNV3,193
I1JNV3,198
I1JNY3,199
I1JNY3,200
I1JNY3,204
I1JNY3,381
I1JNY3,408
I1JNY3,411
I1JNY3,418
I1JNY3,422
I1JNY3,440
I1JNY3,445
I1JNY3,463
I1JNY3,465
I1JNY3,467
I1JNY3,470
I1JNY3,491
I1JNY3,493
I1JNY3,495
I1JNY3,528
I1JNY3,535
I1JNY3,576
I1JNY3,578
I1JNY3,657
I1JNY3,658
I1JNY3,662
I1JNY3,665
I1JNY3,667
I1JNY5,60
I1JNY5,61
I1JNY5,67
I1JNY5,69
I1JP51,367
I1JP51,460
I1JP73,269
I1JP77,125
I1JP77,127
I1JP77,84
I1JPG4,190
I1JPG4,209
I1JPG4,211
I1JPG4,215
I1JPG4,216
I1JPG4,223
I1JPG4,224
I1JPG4,237
I1JPG4,24
I1JPG4,240
I1JPG4,247
I1JPG4,249
I1JPG4,252
I1JPG4,264
I1JPJ6,305
I1JPJ6,312
I1JPJ6,314
I1JPJ6,378
I1JPJ6,443
I1JPJ6,447
I1JPQ0,684
I1JPQ0,686
I1JPQ0,687
I1JPV7,663
I1JPX6,475
I1JPZ7,291
I1JQ51,83
I1JQD4,20
I1JQD9,203
I1JQD9,205
I1JQD9,208
I1JQD9,47
I1JQD9,49
I1JQD9,52
I1JQF2,1063
I1JQF2,1064
I1JQF2,1065
I1JQF2,1070
I1JQF2,1072
I1JQF2,1074
I1JQF2,44
I1JQF2,45
I1JQF4,103
I1JQP1,606
I1JQP1,607
I1JQP1,609
I1JQT4,167
I1JQT4,169
I1JQV1,398
I1JQV1,405
I1JQV1,410
I1JQV1,414
I1JQV1,417
I1JQV1,657
I1JQV1,658
I1JQV1,660
I1JQV1,663
I1JQV1,665
I1JQV1,667
I1JQV1,670
I1JQV1,674
I1JR13,298
I1JR13,301
I1JR71,191
I1JRD2,120
I1JRD2,122
I1JRD2,123
I1JRD2,59
I1JRD2,61
I1JRD2,95
I1JRD2,99
I1JRE0,327
I1JRE0,331
I1JRE0,334
I1JRE0,344
I1JRE0,348
I1JRK8,231
I1JRN1,703
I1JRN1,705
I1JRQ3,463
I1JRQ3,465
I1JRQ3,476
I1JRS1,453
I1JRS1,456
I1JRS1,468
I1JRS1,475
I1JRS1,478
I1JRS1,587
I1JRS1,588
I1JRS1,591
I1JRS1,592
I1JRT8,111
I1JRU2,1820
I1JRU2,1825
I1JRU2,1826
I1JRU2,1827
I1JRU2,2616
I1JRU2,2617
I1JRU2,2620
I1JRX0,416
I1JRZ8,225
I1JRZ8,227
I1JRZ8,230
I1JS33,71
I1JS74,7
I1JSQ3,1118
I1JSR9,258
I1JSR9,260
I1JSR9,265
I1JSR9,272
I1JSR9,275
I1JSR9,345
I1JSR9,353
I1JSR9,355
I1JSR9,362
I1JSR9,368
I1JSR9,372
I1JSR9,391
I1JSR9,395
I1JSR9,455
I1JSR9,458
I1JSR9,473
I1JSU0,128
I1JSW0,428
I1JSW0,443
I1JSW0,447
I1JSW0,451
I1JTB5,363
I1JTB5,367
I1JTD3,210
I1JTK1,10
I1JTK1,20
I1JTP9,189
I1JTQ3,8
I1JTS7,104
I1JU00,10
I1JU50,377
I1JU50,381
I1JUB5,329
I1JUB5,330
I1JUB5,332
I1JUB5,335
I1JUB5,338
I1JUB5,339
I1JUC2,170
I1JUC2,188
I1JUC2,214
I1JUC2,215
I1JUC2,219
I1JUC2,221
I1JUC2,234
I1JUE0,107
I1JUE0,690
I1JUE0,692
I1JUE0,693
I1JUE6,167
I1JUH3,398
I1JUH3,402
I1JUH9,330
I1JUI4,283
I1JUJ5,204
I1JUL6,359
I1JUL6,361
I1JUN1,237
I1JUN1,239
I1JUN1,32
I1JUQ6,2
I1JUQ6,4
I1JUR5,120
I1JUR5,126
I1JUS4,312
I1JUS4,314
I1JUS4,318
I1JUS8,228
I1JUU0,56
I1JUV4,192
I1JUZ5,364
I1JUZ5,366
I1JUZ5,367
I1JUZ5,371
I1JV00,109
I1JV03,349
I1JV03,439
I1JV03,452
I1JV14,67
I1JV14,68
I1JV14,70
I1JV14,71
I1JV20,449
I1JVD0,121
I1JVD1,10
I1JVD3,389
I1JVJ7,236
I1JVJ7,245
I1JVK4,165
I1JVT0,316
I1JVU2,105
I1JVU2,108
I1JVU2,139
I1JVV3,340
I1JVV3,342
I1JWK3,740
I1JWZ3,5
I1JWZ3,949
I1JWZ3,954
I1JWZ3,955
I1JX04,419
I1JX04,694
I1JX04,695
I1JX04,84
I1JX04,86
I1JX04,89
I1JX06,300
I1JX24,216
I1JX24,217
I1JX54,73
I1JX70,68
I1JXA3,27
I1JXA3,28
I1JXA3,31
I1JXA3,36
I1JXE8,104
I1JXE8,106
I1JXE8,27
I1JXE8,29
I1JXE8,32
I1JXE8,68
I1JXF4,1121
I1JXF4,1124
I1JXF7,894
I1JXF7,907
I1JXG3,385
I1JXJ3,116
I1JXJ3,12
I1JXJ3,90
I1JXP5,129
I1JXP5,570
I1JXP5,572
I1JXP5,575
I1JXP5,576
I1JXP5,8
I1JY62,100
I1JY62,217
I1JY62,218
I1JY62,274
I1JY62,79
I1JY62,81
I1JY62,90
I1JY62,92
I1JY62,94
I1JY62,97
I1JY96,709
I1JY96,710
I1JY96,713
I1JY96,717
I1JY96,718
I1JYA5,346
I1JYI1,202
I1JYJ0,264
I1JYJ0,266
I1JYP3,56
I1JYP3,57
I1JYP3,66
I1JYP3,73
I1JYP3,78
I1JYT1,111
I1JYT1,1131
I1JYT1,159
I1JYT1,162
I1JYT1,21
I1JYT2,376
I1JYT2,378
I1JYT2,386
I1JZC1,172
I1JZC1,174
I1JZP3,38
I1JZP3,42
I1JZR0,189
I1K017,262
I1K017,264
I1K017,265
I1K0A8,49
I1K0A8,51
I1K0B3,425
I1K0C8,271
I1K0C8,290
I1K0C8,292
I1K0C8,294
I1K0C8,298
I1K0C8,300
I1K0C8,301
I1K0C8,318
I1K0C8,320
I1K0C8,439
I1K132,799
I1K185,755
I1K185,758
I1K195,34
I1K1C9,351
I1K1C9,352
I1K1G8,1170
I1K1G8,464
I1K1G8,468
I1K1G8,474
I1K1G8,475
I1K1M5,25
I1K1M5,27
I1K1T0,1150
I1K1T0,1151
I1K1T0,1152
I1K1U8,136
I1K1U8,247
I1K1V3,155
I1K1Z5,104
I1K2J3,92
I1K2P0,164
I1K2P0,166
I1K2P0,168
I1K2P0,185
I1K2P0,230
I1K2P0,235
I1K2P0,240
I1K2P0,242
I1K2P0,245
I1K2P0,247
I1K2P0,255
I1K2P0,257
I1K2P0,259
I1K2P1,163
I1K2P1,164
I1K2P1,165
I1K2Q5,124
I1K2X4,321
I1K2X4,382
I1K2X4,384
I1K301,123
I1K3A1,280
I1K3A1,281
I1K3A1,376
I1K3A1,378
I1K3A1,427
I1K3A1,480
I1K3A4,353
I1K3A4,354
I1K3D6,83
I1K3D6,89
I1K3G0,263
I1K3M3,137
I1K3M3,139
I1K3M3,143
I1K3Q9,197
I1K3Q9,199
I1K3S4,20
I1K3U6,355
I1K465,439
I1K465,440
I1K465,443
I1K465,444
I1K4E8,14
I1K4E8,4
I1K4H1,358
I1K4H1,360
I1K4H1,361
I1K4J0,141
I1K4M0,74
I1K4M0,76
I1K4M8,244
I1K4M8,245
I1K4M8,247
I1K4Q4,10
I1K4Q4,217
I1K4R2,29
I1K4R2,30
I1K4R4,172
I1K4R8,193
I1K4R8,197
I1K505,203
I1K505,238
I1K518,148
I1K518,151
I1K518,157
I1K518,239
I1K518,240
I1K518,241
I1K518,409
I1K518,427
I1K518,513
I1K518,785
I1K518,786
I1K518,812
I1K518,813
I1K518,814
I1K518,815
I1K518,816
I1K518,823
I1K529,36
I1K529,37
I1K5D7,171
I1K5D7,89
I1K5H2,901
I1K5H3,1511
I1K5H3,1512
I1K5H3,1719
I1K5H3,1722
I1K5H3,1725
I1K5K2,445
I1K5K2,468
I1K5M5,961
I1K5M9,122
I1K5M9,124
I1K5T3,90
I1K5U3,425
I1K5Y5,60
I1K661,1073
I1K661,1075
I1K661,531
I1K661,532
I1K661,534
I1K681,103
I1K6V7,447
I1K728,1005
I1K728,1087
I1K7B1,372
I1K7B6,248
I1K7B7,1011
I1K7B7,799
I1K7B7,801
I1K7B7,890
I1K7B7,894
I1K7B7,904
I1K7B7,908
I1K7B7,953
I1K7B7,973
I1K7B7,992
I1K7H0,11
I1K7H0,14
I1K7I5,171
I1K7I5,173
I1K7I5,229
I1K7I5,480
I1K7J5,209
I1K7J5,210
I1K7J5,218
I1K7J5,220
I1K7J5,227
I1K7L1,2
I1K7L1,432
I1K7X2,131
I1K7X2,27
I1K7X2,30
I1K7X2,31
I1K7Z6,13
I1K7Z6,14
I1K7Z6,16
I1K7Z6,613
I1K7Z6,615
I1K7Z7,88
I1K839,31
I1K839,32
I1K839,33
I1K8B9,277
I1K8B9,278
I1K8E6,74
I1K8N3,312
I1K8N3,493
I1K8N3,495
I1K8N3,657
I1K8N3,689
I1K8Q7,64
I1K8Q7,69
I1K8Q7,89
I1K8Q7,91
I1K8Q7,99
I1K8X2,403
I1K8X2,405
I1K8X2,470
I1K8X2,598
I1K8X2,600
I1K8X2,732
I1K8X2,848
I1K907,136
I1K935,349
I1K9H3,556
I1K9H3,558
I1K9L6,4
I1K9L6,6
I1K9S1,172
I1K9U6,70
I1K9U6,71
I1KA04,72
I1KA17,62
I1KA18,1032
I1KA37,329
I1KA37,331
I1KAU1,226
I1KAZ0,816
I1KB26,158
I1KBS1,393
I1KBU7,116
I1KBU7,346
I1KC06,132
I1KC06,311
I1KC06,312
I1KC06,323
I1KC06,329
I1KC06,342
I1KC06,347
I1KC06,349
I1KC06,526
I1KC06,537
I1KC19,117
I1KC89,360
I1KC89,371
I1KCF1,68
I1KCF1,69
I1KCF1,70
I1KCI1,568
I1KCI1,570
I1KCI1,572
I1KCN1,20
I1KCN1,22
I1KCZ8,461
I1KCZ8,650
I1KCZ8,654
I1KCZ8,671
I1KCZ8,88
I1KCZ8,89
I1KD19,63
I1KD46,369
I1KD46,371
I1KD46,375
I1KDM8,222
I1KE93,244
I1KE93,245
I1KE93,249
I1KE93,250
I1KE93,252
I1KEE7,972
I1KEE7,973
I1KEF1,8
I1KEW0,248
I1KEW0,249
I1KF67,270
I1KFC3,177
I1KFE7,102
I1KFE7,105
I1KFE7,108
I1KFE7,67
I1KFE7,82
I1KFE7,86
I1KFU8,250
I1KFU8,251
I1KFZ3,45
I1KFZ3,76
I1KG13,10
I1KG51,750
I1KG93,4
I1KG93,7
I1KGF5,133
I1KGF5,134
I1KGK4,32
I1KGQ1,118
I1KGQ1,131
I1KGQ1,132
I1KGQ1,136
I1KGQ1,140
I1KGQ1,147
I1KGQ1,156
I1KGQ1,157
I1KGQ1,161
I1KGQ1,162
I1KGQ1,166
I1KGQ1,167
I1KGQ1,180
I1KGQ1,186
I1KGQ1,188
I1KGQ1,45
I1KGQ1,64
I1KGQ1,74
I1KGQ1,76
I1KGQ1,82
I1KGQ1,84
I1KGT4,242
I1KGU0,142
I1KH95,399
I1KH95,508
I1KH95,509
I1KH95,511
I1KH95,513
I1KH95,516
I1KH95,520
I1KHP6,300
I1KHP6,308
I1KHP6,309
I1KHT8,324
I1KHX1,81
I1KHZ4,286
I1KHZ4,289
I1KI04,64
I1KI18,291
I1KI22,89
I1KI22,90
I1KI22,91
I1KI22,92
I1KI22,93
I1KI22,95
I1KI22,97
I1KI46,448
I1KI62,704
I1KIA7,131
I1KIA7,141
I1KIA7,143
I1KIA7,146
I1KIA7,148
I1KIA7,149
I1KIA7,155
I1KIA7,165
I1KIA7,167
I1KIA7,174
I1KIA7,177
I1KIA7,180
I1KIA7,202
I1KIA7,207
I1KIA7,225
I1KIA7,234
I1KIA7,246
I1KIA7,249
I1KIA7,276
I1KIA7,300
I1KIA7,322
I1KIA7,324
I1KIA7,331
I1KIF8,98
I1KIP6,281
I1KIW2,102
I1KIW2,105
I1KIW2,120
I1KIW2,90
I1KIW2,93
I1KIY0,40
I1KJP7,1590
I1KJP7,1593
I1KJP7,1596
I1KJP7,1599
I1KJP7,1600
I1KJP7,950
I1KJS9,262
I1KJS9,265
I1KJS9,268
I1KJS9,270
I1KJS9,274
I1KJS9,282
I1KJS9,285
I1KJS9,286
I1KJS9,288
I1KJT2,547
I1KJT2,548
I1KJT2,550
I1KJZ0,266
I1KJZ0,267
I1KJZ0,494
I1KKJ1,43
I1KKJ5,382
I1KKJ5,384
I1KKJ5,550
I1KKJ5,551
I1KKJ5,552
I1KKJ5,555
I1KKJ5,557
I1KKJ5,559
I1KKJ5,562
I1KKL9,52
I1KKL9,53
I1KKL9,59
I1KKV5,85
I1KKX7,586
I1KKX7,587
I1KKX7,588
I1KL28,759
I1KL28,761
I1KL32,174
I1KLB0,224
I1KLK5,72
I1KLK5,74
I1KLQ4,1008
I1KLQ4,1011
I1KLQ4,1012
I1KLQ4,1016
I1KLQ4,948
I1KLQ4,952
I1KLQ4,958
I1KLQ4,976
I1KLQ4,989
I1KLQ4,990
I1KLQ4,991
I1KLQ4,998
I1KLS4,109
I1KLS4,111
I1KLS4,86
I1KM10,660
I1KM10,662
I1KM10,665
I1KM58,41
I1KM58,42
I1KM58,44
I1KM58,47
I1KM58,48
I1KM58,49
I1KM98,12
I1KM98,15
I1KM98,3
I1KM98,4
I1KMC5,155
I1KMC5,157
I1KMC5,158
I1KMJ7,238
I1KMK8,128
I1KMK8,130
I1KMK8,134
I1KMN5,173
I1KMP5,76
I1KMU8,162
I1KMU8,164
I1KN54,212
I1KN54,217
I1KN54,219
I1KN54,221
I1KN54,223
I1KNG9,758
I1KNG9,761
I1KNG9,762
I1KNG9,764
I1KP14,974
I1KP14,979
I1KP14,984
I1KP55,637
I1KP55,640
I1KP55,641
I1KP55,642
I1KP55,647
I1KP94,211
I1KPA5,11
I1KPA5,12
I1KPA5,7
I1KPE0,122
I1KPF4,260
I1KPN5,567
I1KPN5,696
I1KPN5,704
I1KPQ5,5
I1KQ26,11
I1KQ26,2
I1KQ26,3
I1KQ26,5
I1KQC1,481
I1KQC1,487
I1KQC1,493
I1KQI5,324
I1KQM0,57
I1KQM0,62
I1KQM0,70
I1KQR1,119
I1KQR1,122
I1KQR1,125
I1KQR1,127
I1KQR1,128
I1KQV6,154
I1KR84,474
I1KR84,476
I1KRK3,10
I1KRK3,9
I1KRS7,348
I1KRS7,681
I1KRS9,62
I1KRS9,64
I1KRZ4,523
I1KS60,254
I1KS60,264
I1KS76,58
I1KS76,604
I1KS76,605
I1KS76,607
I1KS76,62
I1KS76,627
I1KS76,629
I1KS76,631
I1KS76,64
I1KS76,66
I1KS76,71
I1KS76,716
I1KS76,718
I1KS76,725
I1KS76,837
I1KS76,889
I1KS76,891
I1KS76,893
I1KS76,895
I1KS76,903
I1KS76,909
I1KS76,910
I1KS90,606
I1KS90,608
I1KSQ6,349
I1KSX1,289
I1KSX1,477
I1KSX1,486
I1KSX1,491
I1KSX1,493
I1KSX1,495
I1KSX1,501
I1KSX1,505
I1KSX1,510
I1KSX1,547
I1KTD5,160
I1KTI1,187
I1KTI1,334
I1KTI1,337
I1KTI1,340
I1KTU1,1642
I1KTY2,1134
I1KTY2,1137
I1KTZ9,11
I1KU07,124
I1KU07,129
I1KU45,188
I1KU45,232
I1KU45,266
I1KU45,274
I1KU45,288
I1KU45,290
I1KU45,297
I1KU45,302
I1KU45,315
I1KU45,331
I1KU45,336
I1KU45,378
I1KU45,380
I1KU45,72
I1KU45,82
I1KU45,91
I1KU45,98
I1KU59,260
I1KU59,263
I1KUD3,151
I1KUD5,202
I1KUD5,206
I1KUD5,207
I1KUD5,210
I1KUD5,221
I1KUD5,222
I1KUJ7,472
I1KUJ7,479
I1KUJ7,512
I1KUL7,619
I1KUM8,538
I1KUR0,154
I1KUV8,856
I1KV19,657
I1KV19,658
I1KV19,663
I1KV19,665
I1KV25,21
I1KV72,84
I1KVG6,167
I1KVN9,136
I1KVR4,73
I1KVX1,91
I1KW34,190
I1KWC9,259
I1KWR9,185
I1KWR9,192
I1KWR9,194
I1KWS2,902
I1KWT4,338
I1KWU4,81
I1KWU4,83
I1KWX1,10
I1KWX3,731
I1KWX8,385
I1KX99,136
I1KXA2,394
I1KXH0,5
I1KXH0,9
I1KXN1,1149
I1KXN1,1150
I1KXN9,388
I1KXN9,389
I1KXN9,391
I1KXN9,395
I1KXP5,127
I1KXP5,128
I1KXP5,169
I1KXP5,172
I1KXP5,180
I1KXP5,184
I1KXP5,53
I1KXP5,54
I1KXP5,55
I1KXP5,58
I1KXR4,413
I1KXR8,208
I1KY20,187
I1KY20,189
I1KY91,12
I1KY91,175
I1KY91,211
I1KY91,90
I1KYG2,28
I1KYG2,31
I1KYG2,32
I1KYG2,417
I1KYG4,187
I1KYG4,233
I1KYG4,281
I1KYG4,310
I1KYG4,421
I1KYL0,587
I1KYL0,588
I1KYL0,590
I1KYL0,591
I1KYL0,595
I1KYL0,629
I1KYL0,643
I1KYL0,645
I1KYL0,646
I1KYV2,462
I1KYV2,465
I1KYY0,328
I1KZ37,7
I1KZ38,194
I1KZ87,310
I1KZ87,313
I1KZ87,314
I1KZH4,23
I1KZH4,25
I1KZP3,140
I1KZP3,147
I1KZP3,462
I1KZR0,535
I1KZR0,536
I1KZR0,720
I1KZR0,722
I1KZR0,725
I1KZR0,846
I1L032,58
I1L041,4
I1L069,707
I1L069,713
I1L069,872
I1L069,873
I1L069,876
I1L069,907
I1L069,910
I1L080,35
I1L080,37
I1L084,198
I1L084,200
I1L084,226
I1L084,230
I1L084,232
I1L084,233
I1L084,293
I1L084,295
I1L084,296
I1L090,16
I1L090,18
I1L090,37
I1L091,13
I1L0E5,153
I1L0F5,11
I1L0F5,113
I1L0F5,116
I1L0F5,117
I1L0F5,286
I1L0F5,9
I1L0L0,18
I1L0M7,696
I1L0M7,699
I1L0Q5,47
I1L0S5,87
I1L0Z6,118
I1L0Z6,120
I1L0Z7,886
I1L1B8,124
I1L1B8,611
I1L1H5,266
I1L1N9,1061
I1L1N9,1067
I1L1N9,938
I1L1V2,298
I1L1V2,306
I1L1V2,308
I1L1V2,311
I1L1V2,317
I1L1V2,461
I1L1W0,679
I1L1W0,680
I1L1W0,682
I1L224,696
I1L224,697
I1L235,118
I1L235,120
I1L252,1062
I1L2F4,172
I1L2F4,185
I1L2F4,187
I1L2F4,47
I1L2F4,50
I1L2G5,497
I1L2G5,499
I1L2G5,506
I1L2G5,512
I1L2S8,265
I1L2S8,275
I1L2Z2,184
I1L2Z2,185
I1L2Z2,482
I1L2Z5,171
I1L2Z5,174
I1L2Z5,175
I1L377,53
I1L377,54
I1L377,79
I1L377,82
I1L3C6,359
I1L3H8,19
I1L3K1,467
I1L3K1,469
I1L3P6,548
I1L3Q2,93
I1L3Q2,94
I1L3R0,327
I1L3R0,695
I1L3R0,697
I1L3V3,211
I1L3V3,214
I1L3V3,216
I1L3V3,221
I1L3V3,253
I1L3V3,254
I1L3V3,258
I1L3V3,262
I1L3V3,266
I1L3V3,429
I1L3V3,432
I1L3V3,438
I1L3V3,443
I1L3V4,302
I1L3V4,305
I1L3X9,13
I1L3X9,15
I1L3X9,17
I1L425,425
I1L478,163
I1L478,169
I1L478,322
I1L478,327
I1L478,330
I1L491,22
I1L4D2,471
I1L4K1,189
I1L4K1,215
I1L4K1,225
I1L4K1,306
I1L4P2,390
I1L515,177
I1L554,155
I1L554,156
I1L554,158
I1L566,240
I1L566,248
I1L5J4,12
I1L5K0,527
I1L5M9,383
I1L5M9,388
I1L5M9,450
I1L5M9,453
I1L5M9,507
I1L5P7,161
I1L5P7,174
I1L5P7,176
I1L5P7,181
I1L5P7,72
I1L5P7,74
I1L5P7,79
I1L622,11
I1L690,340
I1L698,39
I1L698,469
I1L6B1,408
I1L6B9,415
I1L6B9,416
I1L6T6,20
I1L6T6,22
I1L6Y1,350
I1L6Y1,381
I1L6Y7,15
I1L6Y8,530
I1L7C6,265
I1L7C6,268
I1L7K3,506
I1L7K3,509
I1L7K3,511
I1L838,385
I1L849,193
I1L849,198
I1L849,199
I1L849,201
I1L866,2093
I1L8A9,135
I1L8A9,249
I1L8M8,28
I1L8R1,159
I1L8R1,161
I1L8R1,164
I1L8U3,109
I1L8V9,88
I1L934,48
I1L957,117
I1L957,142
I1L9M7,105
I1L9M7,175
I1L9M7,185
I1L9Q4,315
I1L9W4,11
I1L9W4,18
I1L9W4,20
I1L9W4,206
I1L9W4,8
I1L9Z7,10
I1L9Z7,164
I1L9Z7,165
I1L9Z7,166
I1L9Z7,167
I1L9Z7,168
I1L9Z7,171
I1L9Z7,3
I1LA80,328
I1LA80,334
I1LA80,337
I1LA80,341
I1LAF8,24
I1LAF8,26
I1LAF8,27
I1LAF8,28
I1LAH1,555
I1LAH1,557
I1LAK8,104
I1LAK8,109
I1LAK8,264
I1LAK8,35
I1LAK8,36
I1LAK8,56
I1LAK8,57
I1LAK8,77
I1LAK8,78
I1LAK8,98
I1LAK8,99
I1LAN2,313
I1LAQ3,525
I1LBB3,75
I1LBB3,82
I1LBB3,84
I1LBB3,85
I1LBB3,89
I1LBJ9,59
I1LBN0,294
I1LBN5,201
I1LBS7,483
I1LBX9,113
I1LC08,10
I1LC08,12
I1LC08,9
I1LC42,231
I1LC42,234
I1LC42,235
I1LC62,95
I1LC78,23
I1LC89,587
I1LCN1,112
I1LCN1,21
I1LCN1,26
I1LCN1,28
I1LCN1,31
I1LCN1,36
I1LCP7,32
I1LCP7,382
I1LCR1,640
I1LCR1,647
I1LCW4,170
I1LCY5,124
I1LCY5,125
I1LCY5,14
I1LCY5,4
I1LCY5,6
I1LCY5,86
I1LCY5,87
I1LCY5,88
I1LCY5,9
I1LCY5,91
I1LCY5,92
I1LCY5,93
I1LCY5,95
I1LD08,195
I1LD08,199
I1LD08,201
I1LDC5,10
I1LDC5,33
I1LDC5,35
I1LDC5,4
I1LDC5,8
I1LDD8,185
I1LDD8,190
I1LDD8,196
I1LDG2,224
I1LDG2,226
I1LDG2,228
I1LE06,17
I1LE06,21
I1LE27,26
I1LE45,258
I1LE74,25
I1LE74,28
I1LEE3,54
I1LEE3,76
I1LEH0,209
I1LEH0,210
I1LEH0,212
I1LEL4,45
I1LEL4,46
I1LET0,567
I1LET0,569
I1LET0,572
I1LEV3,138
I1LEZ4,554
I1LEZ4,555
I1LEZ4,558
I1LEZ4,561
I1LF04,194
I1LF27,27
I1LF27,29
I1LF27,31
I1LF27,62
I1LF44,149
I1LF44,151
I1LF44,154
I1LF44,155
I1LF44,158
I1LF44,160
I1LF44,161
I1LF44,78
I1LF76,212
I1LF76,214
I1LF76,217
I1LF76,237
I1LF76,238
I1LF76,260
I1LF76,263
I1LF76,267
I1LF76,268
I1LF91,1030
I1LF91,1032
I1LFD6,37
I1LFG0,171
I1LFG0,172
I1LFG0,176
I1LFG0,193
I1LFG0,196
I1LFG4,429
I1LFH1,87
I1LFH1,91
I1LFM1,182
I1LFM1,193
I1LFT6,1030
I1LFT6,56
I1LFT6,58
I1LFT6,60
I1LFT6,61
I1LFT6,64
I1LFW4,215
I1LFX6,28
I1LFX6,681
I1LFX6,688
I1LFX6,690
I1LFX6,694
I1LFX6,788
I1LFX6,797
I1LFX6,805
I1LFX6,831
I1LFX6,833
I1LFZ3,754
I1LG08,25
I1LG22,155
I1LG22,158
I1LG22,192
I1LG22,198
I1LG22,274
I1LG22,279
I1LG22,920
I1LG22,922
I1LGH7,379
I1LGH7,383
I1LGS7,849
I1LGS7,997
I1LGX2,70
I1LGX2,74
I1LGX2,76
I1LGX2,77
I1LGX2,80
I1LHA9,187
I1LHR1,258
I1LHR1,276
I1LHR1,454
I1LHR1,477
I1LHT0,37
I1LHW4,318
I1LHW4,323
I1LI12,206
I1LI12,210
I1LI12,212
I1LI44,199
I1LI72,448
I1LI79,13
I1LI79,89
I1LI79,9
I1LI79,93
I1LIF8,322
I1LIF8,327
I1LIF8,469
I1LIF8,470
I1LIF8,471
I1LIF8,474
I1LIN2,1299
I1LIP5,13
I1LIQ3,254
I1LIQ3,255
I1LIS4,313
I1LIS4,334
I1LIT2,106
I1LIT2,107
I1LIT2,108
I1LIT2,109
I1LIT2,113
I1LIT2,114
I1LIT2,145
I1LIT2,146
I1LIT2,147
I1LIT2,150
I1LIT2,151
I1LIT2,152
I1LIT2,154
I1LIT2,224
I1LIT2,225
I1LIT2,226
I1LIT2,229
I1LIT2,230
I1LIT2,231
I1LIT2,233
I1LIT2,268
I1LIT2,269
I1LIT2,270
I1LIT2,271
I1LIT2,272
I1LIT2,274
I1LIT2,275
I1LIT2,279
I1LIT2,383
I1LIT2,384
I1LIT2,386
I1LIT2,389
I1LIT2,390
I1LIT2,391
I1LIT2,406
I1LIT2,407
I1LIT2,410
I1LIT2,422
I1LIT2,425
I1LIT2,426
I1LIT2,428
I1LIT2,429
I1LIT2,433
I1LIT2,437
I1LIT2,470
I1LIT2,489
I1LIV5,2
I1LIX1,281
I1LIY4,120
I1LIY4,260
I1LIY4,262
I1LIY4,399
I1LIY4,448
I1LIY4,546
I1LJ22,79
I1LJ22,82
I1LJ22,85
I1LJ25,327
I1LJ25,338
I1LJC4,616
I1LJC4,618
I1LJC4,619
I1LJC4,622
I1LJC4,623
I1LJC4,624
I1LJM2,611
I1LJM2,616
I1LJT5,29
I1LJT5,53
I1LJY4,330
I1LJY4,332
I1LJY4,402
I1LJY4,404
I1LJY4,411
I1LJY4,413
I1LJY4,420
I1LJY4,422
I1LJY4,435
I1LJY4,437
I1LJY4,451
I1LJY4,453
I1LJY4,457
I1LJY4,459
I1LJY4,465
I1LJY4,467
I1LJY4,469
I1LJY4,471
I1LJY4,473
I1LJY4,475
I1LJY4,512
I1LJY4,514
I1LJY4,546
I1LJY4,627
I1LJY4,676
I1LJY4,780
I1LJY4,808
I1LJY4,809
I1LJY4,810
I1LJY4,811
I1LJY4,815
I1LJY4,816
I1LJY4,819
I1LJY4,871
I1LK28,186
I1LKM5,195
I1LKM5,196
I1LKM5,197
I1LKM5,198
I1LKP6,184
I1LKP6,188
I1LKU1,255
I1LKW7,60
I1LL61,171
I1LL61,172
I1LL65,417
I1LL65,419
I1LL87,134
I1LLG6,450
I1LLG6,454
I1LLG6,88
I1LLG6,89
I1LLG6,95
I1LLT6,331
I1LLU6,210
I1LLU6,213
I1LLU6,217
I1LLU6,221
I1LLU6,222
I1LLV5,43
I1LLV5,45
I1LM26,148
I1LM26,149
I1LM26,157
I1LM72,1036
I1LM72,1038
I1LMM9,178
I1LMM9,93
I1LMM9,95
I1LMP8,317
I1LMQ1,404
I1LMQ7,116
I1LMU3,314
I1LMU3,319
I1LMW8,301
I1LN20,29
I1LN49,224
I1LNE6,345
I1LNE9,258
I1LNE9,261
I1LNE9,263
I1LNF5,379
I1LNF5,380
I1LNF5,382
I1LNF5,388
I1LNF5,390
I1LNF9,253
I1LNG0,17
I1LNJ6,200
I1LNJ6,202
I1LNN5,600
I1LNN5,603
I1LNN5,604
I1LNP0,10
I1LNP0,24
I1LNP0,38
I1LNP0,45
I1LNP0,47
I1LNP0,49
I1LP18,75
I1LP26,142
I1LP26,152
I1LP26,172
I1LP26,173
I1LP26,176
I1LP42,257
I1LP42,261
I1LP42,264
I1LP71,127
I1LPE3,89
I1LPE3,94
I1LPN7,75
I1LPN7,79
I1LPW4,504
I1LQ02,540
I1LQD4,268
I1LQP7,426
I1LQZ0,856
I1LR30,345
I1LR30,349
I1LR30,356
I1LR30,813
I1LR30,814
I1LR88,71
I1LR88,72
I1LR88,74
I1LR88,75
I1LRD5,33
I1LRM8,129
I1LRM8,135
I1LRM8,303
I1LS03,29
I1LSY9,37
I1LSY9,39
I1LSZ2,603
I1LTD2,54
I1LTF6,158
I1LTF6,159
I1LTG9,55
I1LTG9,56
I1LTL8,518
I1LTL8,521
I1LTL8,526
I1LTL8,528
I1LTL9,2
I1LTP7,11
I1LTP7,12
I1LTP7,13
I1LTP7,6
I1LTP7,9
I1LTQ3,386
I1LTQ5,658
I1LTQ5,660
I1LTQ5,661
I1LTR2,256
I1LTR2,262
I1LTR2,310
I1LTR4,104
I1LTR4,110
I1LTR4,112
I1LTR6,55
I1LTR6,56
I1LTR6,57
I1LTT0,12
I1LTT0,2
I1LU05,613
I1LU70,32
I1LU70,34
I1LUC0,445
I1LUC0,446
I1LUC0,457
I1LUL7,203
I1LUL7,228
I1LUL7,236
I1LUL7,238
I1LUL7,240
I1LUL7,242
I1LUL7,267
I1LUM2,338
I1LUM2,339
I1LUM7,13
I1LUM7,14
I1LUM7,15
I1LUN3,73
I1LUP8,280
I1LV18,272
I1LV46,202
I1LV46,205
I1LV56,51
I1LV56,54
I1LV82,281
I1LV82,286
I1LV82,296
I1LV82,321
I1LVA7,353
I1LVB7,404
I1LVC5,375
I1LVC5,379
I1LVC5,380
I1LVJ1,153
I1LVJ1,154
I1LVJ1,162
I1LVJ1,163
I1LVJ1,170
I1LVJ1,173
I1LVL0,370
I1LVL0,371
I1LVM9,11
I1LVN3,239
I1LVQ2,54
I1LVQ5,54
I1LVQ5,56
I1LVQ5,58
I1LVQ5,69
I1LVQ5,71
I1LVT0,79
I1LVX3,218
I1LVX3,222
I1LVX3,223
I1LW26,72
I1LW30,136
I1LW34,505
I1LWD2,1083
I1LWD2,1085
I1LWI3,282
I1LWI3,283
I1LWI3,284
I1LWN8,317
I1LWT2,77
I1LWT2,78
I1LX09,136
I1LX09,137
I1LX78,29
I1LX78,30
I1LX78,32
I1LX78,35
I1LXZ4,123
I1LXZ4,162
I1LXZ4,260
I1LXZ4,79
I1LY05,2
I1LY05,35
I1LY05,48
I1LY90,1095
I1LY90,1098
I1LYA9,648
I1LYA9,650
I1LYA9,812
I1LYA9,814
I1LYA9,817
I1LYA9,818
I1LYC1,1482
I1LYC1,1484
I1LYC1,264
I1LYK5,291
I1LYK5,295
I1LZ88,299
I1LZ88,303
I1LZ88,306
I1LZ88,307
I1LZE0,77
I1LZE0,80
I1LZF4,127
I1LZF4,128
I1LZF4,129
I1LZK9,90
I1LZL0,146
I1LZQ3,180
I1LZQ3,182
I1LZQ3,183
I1M017,12
I1M017,14
I1M069,122
I1M069,1785
I1M069,1786
I1M069,1788
I1M069,1791
I1M069,1794
I1M069,1795
I1M097,250
I1M097,253
I1M097,254
I1M0B5,116
I1M0C8,674
I1M0D7,128
I1M0D7,130
I1M0E8,35
I1M0G8,46
I1M0G8,47
I1M0G8,57
I1M0G8,60
I1M0G8,87
I1M0G8,89
I1M0K3,183
I1M0K3,185
I1M0T4,458
I1M0T4,462
I1M0W3,3
I1M0W3,4
I1M0Z7,71
I1M0Z7,72
I1M0Z7,73
I1M104,108
I1M104,117
I1M104,12
I1M104,133
I1M104,136
I1M104,141
I1M104,147
I1M104,161
I1M104,92
I1M199,459
I1M1J3,457
I1M1Z2,10
I1M1Z2,7
I1M222,71
I1M284,243
I1M2C3,774
I1M2S6,540
I1M2S6,561
I1M2S6,599
I1M2S6,600
I1M2S6,603
I1M2S6,607
I1M2S6,610
I1M2S6,660
I1M2S6,662
I1M2S6,663
I1M2V0,737
I1M2V0,742
I1M2V0,744
I1M2V0,745
I1M303,333
I1M303,335
I1M303,353
I1M336,67
I1M351,43
I1M351,45
I1M351,46
I1M351,47
I1M351,49
I1M397,106
I1M397,107
I1M397,109
I1M397,35
I1M397,39
I1M397,52
I1M397,53
I1M397,55
I1M397,89
I1M3J3,75
I1M3J3,79
I1M3J3,83
I1M3L8,11
I1M3M9,529
I1M3M9,530
I1M3M9,623
I1M3M9,631
I1M3Q3,240
I1M3Q3,243
I1M4B3,13
I1M4B3,15
I1M4F6,478
I1M4G6,175
I1M4I0,44
I1M4I0,48
I1M4I0,54
I1M4I0,83
I1M4I0,85
I1M4I0,88
I1M4Q5,1020
I1M4Z3,51
I1M530,465
I1M541,6
I1M541,7
I1M541,9
I1M546,172
I1M546,175
I1M546,177
I1M5M5,437
I1M5M5,438
I1M5M5,439
I1M5M5,443
I1M5M5,447
I1M5M5,451
I1M5M7,25
I1M5S6,132
I1M5U1,102
I1M5U1,122
I1M5U1,124
I1M5U1,151
I1M5U1,236
I1M5U1,81
I1M5Z6,287
I1M5Z6,289
I1M5Z6,293
I1M5Z6,296
I1M650,12
I1M675,649
I1M675,653
I1M676,171
I1M679,497
I1M680,42
I1M6A4,781
I1M6J5,608
I1M6W2,121
I1M712,148
I1M733,132
I1M733,136
I1M733,399
I1M733,402
I1M733,405
I1M7E1,166
I1M7E1,215
I1M7E1,223
I1M7F7,108
I1M7F7,130
I1M7F7,131
I1M7F7,136
I1M7F7,138
I1M8C8,73
I1M8C8,75
I1M8C8,76
I1M8L5,423
I1M8L5,424
I1M8L5,426
I1M8Y5,460
I1M9I8,6
I1M9I8,8
I1M9I8,9
I1M9J3,342
I1M9N1,68
I1MAE9,89
I1MB15,2281
I1MB15,2282
I1MB15,2284
I1MB15,2285
I1MB15,2671
I1MB15,2672
I1MB15,2675
I1MBG5,159
I1MBG5,167
I1MBG5,559
I1MBG5,562
I1MBG5,572
I1MBS7,387
I1MBZ3,931
I1MC04,159
I1MC31,300
I1MC31,301
I1MC31,306
I1MC31,307
I1MC31,309
I1MC31,310
I1MC31,311
I1MC31,807
I1MC31,811
I1MC31,818
I1MC59,169
I1MC59,331
I1MCH6,10
I1MCH6,16
I1MCH6,82
I1MCH6,89
I1MCM2,30
I1MCN3,556
I1MCN3,560
I1MCR9,581
I1MCY7,245
I1MD25,138
I1MD25,161
I1MD36,64
I1MDJ7,812
I1MDJ7,813
I1MDJ7,815
I1MDJ7,818
I1MDN0,137
I1ME04,393
I1ME19,111
I1ME19,114
I1ME31,322
I1ME31,326
I1ME31,328
I1MEH7,238
I1MEH7,240
I1MEL2,44
I1MEL2,46
I1MEL2,49
I1MEL2,50
I1MEL2,56
I1MEL2,58
I1MEL2,62
I1MEL2,65
I1MEV5,433
I1MEV5,437
I1MEV5,441
I1MF55,406
I1MF55,461
I1MF55,465
I1MF55,469
I1MFB4,14
I1MFM9,236
I1MFM9,292
I1MFN6,10
I1MFN6,12
I1MFN6,13
I1MG20,670
I1MG20,672
I1MG40,159
I1MG40,160
I1MGK8,95
I1MGM0,50
I1MGS2,153
I1MHR0,237
I1MHX1,288
I1MI11,501
I1MI11,504
I1MI36,453
I1MIA5,67
I1MIA5,71
I1MIK6,120
I1MIM3,143
I1MIM3,146
I1MIM3,147
I1MIM3,240
I1MIM3,242
I1MIM3,244
I1MJ19,324
I1MJ19,346
I1MJ19,40
I1MJ53,269
I1MJ53,271
I1MJ53,276
I1MJ53,307
I1MJ53,312
I1MJF7,1762
I1MJK2,547
I1MJM3,110
I1MJM3,139
I1MJM3,49
I1MJM6,174
I1MJM6,176
I1MJM6,411
I1MJM6,414
I1MJM6,415
I1MJS7,20
I1MJV5,33
I1MJW5,318
I1MK18,154
I1MK39,1043
I1MK39,1047
I1MK39,1051
I1MK39,1054
I1MK39,1239
I1MK39,15
I1MK39,322
I1MK83,24
I1MK83,25
I1MK83,37
I1MK89,702
I1MKM4,882
I1MKM4,884
I1MKV0,149
I1ML63,70
I1ML65,4
I1ML65,5
I1MLF5,342
I1MLH0,294
I1MLH0,300
I1MLH9,12
I1MLL7,1101
I1MLZ0,782
I1MM11,607
I1MM41,2
I1MM41,3
I1MM41,4
I1MM41,5
I1MM88,624
I1MME3,103
I1MMJ5,411
I1MMJ5,417
I1MMM7,141
I1MMT8,552
I1MMT8,554
I1MMT8,556
I1MMT8,559
I1MN27,597
I1MN29,496
I1MN29,498
I1MNM5,375
I1MNS3,132
I1MNZ4,577
I1MNZ4,826
I1MNZ4,827
I1MNZ4,828
I1MNZ4,829
I1MPK6,100
I1MPK6,103
I1MPK6,314
I1MPK6,317
I1MPK6,318
I1MPK6,322
I1MPK6,336
I1MPK6,340
I1MPZ2,103
I1MPZ2,105
I1MPZ2,138
I1MPZ2,144
I1MPZ2,147
I1MPZ2,40
I1MPZ2,41
I1MPZ2,43
I1MPZ2,88
I1MQE4,216
I1MQE4,217
I1MQH0,382
I1MQH0,384
I1MQH0,386
I1MQJ8,253
I1MQN2,105
I1MQN2,106
I1MQN2,108
I1MQR1,430
I1MQR1,433
I1MR71,1039
I1MR71,1043
I1MR71,1263
I1MR71,1266
I1MRP1,854
I1MRP4,53
I1MRP4,56
I1MRP4,58
I1MRP7,681
I1MRR0,46
I1MRR0,48
I1MRS5,152
I1MRS5,155
I1MRS5,164
I1MRS5,165
I1MSA4,182
I1MSH9,59
I1MSV0,3
I1MT11,562
I1MT34,342
I1MT34,343
I1MT49,178
I1MTA8,3
I1MTA8,5
I1MTC5,17
I1MTC5,19
I1MTC9,655
I1MTC9,664
I1MTH1,47
I1MTH1,809
I1MTW4,12
I1MTZ3,908
I1MTZ3,910
I1MTZ3,911
I1MTZ3,913
I1MU40,114
I1MU40,118
I1MU40,122
I1MU40,151
I1MU40,152
I1MU40,679
I1MU40,685
I1MU40,686
I1MU40,688
I1MU40,690
I1MU40,694
I1MU40,702
I1MU50,336
I1MU50,338
I1MU50,340
I1MU50,342
I1MU67,216
I1MU67,219
I1MU67,288
I1MU70,74
I1MU80,65
I1MUG4,1151
I1MUG4,1152
I1MUG4,1153
I1MUG4,1155
I1MUG4,1190
I1MUG4,1193
I1MUH5,611
I1MUH8,52
I1MUH8,54
I1MUH8,58
I1MUH8,59
I1MUP7,214
I1MUU6,121
I1MUU9,583
I1MV29,283
I1MV29,360
I1MV29,361
I1MV29,386
I1MV29,388
I1MV29,389
I1MV29,390
I1MV29,393
I1MV29,452
I1MV29,455
I1MV29,806
I1MV29,808
I1MV29,809
I1MV29,825
I1MVH5,1047
I1MVH5,739
I1MVH5,870
I1MVW9,24
I1MVW9,26
I1MVW9,28
I1MVW9,38
I1MVY6,588
I1MVY6,591
I1MWC4,427
I1MWG7,129
I1MWG7,134
I1MWJ3,75
I1MWZ2,118
I1MX06,279
I1MX06,286
I1MX06,324
I1MX14,68
I1MX14,69
I1MX14,71
I1MX14,74
I1MX16,393
I1MX16,394
I1MX16,396
I1MX16,408
I1MX78,42
I1MXD1,111
I1MXD1,113
I1MXD1,116
I1MXD1,173
I1MXD1,179
I1MXD1,185
I1MXD1,668
I1MXX3,25
I1MXX3,50
I1MXX3,71
I1MXX3,73
I1MXY3,398
I1MXY3,399
I1MY40,712
I1MY79,117
I1MY82,510
I1MY82,512
I1MYF4,237
I1MYF4,239
I1MYF4,240
I1MYF4,242
I1MYI1,25
I1MYK6,30
I1MYL1,560
I1MYL1,565
I1MYL1,566
I1MYS4,126
I1MYV2,343
I1MYV2,357
I1MYV2,366
I1MYV2,367
I1MYV2,371
I1MYV2,490
I1MYV2,492
I1MYV2,494
I1MYV2,495
I1MYV2,497
I1MYV2,57
I1MYV2,619
I1MYV2,624
I1MYV2,657
I1MZD3,10
I1MZD3,7
I1MZF2,1033
I1MZF2,1034
I1MZG4,560
I1MZM8,486
I1MZM8,488
I1MZV7,346
I1MZV7,347
I1N029,771
I1N029,772
I1N029,773
I1N088,293
I1N0S5,414
I1N0S5,699
I1N144,105
I1N144,108
I1N144,109
I1N1L2,97
I1N2C5,1166
I1N2C5,1169
I1N2D4,353
I1N2D4,356
I1N3E1,209
I1N3G0,444
I1N3G0,448
I1N3K8,115
I1N466,177
I1N466,222
I1N4A0,354
I1N4D2,37
I1N4I4,286
I1N4Z7,144
I1N525,64
I1N587,54
I1N587,64
I1N587,66
I1N587,69
I1N587,71
I1N587,73
I1N587,74
I1N5B7,68
I1N5B7,69
I1N5E8,244
I1N5E8,246
I1N5E8,292
I1N5J6,3
I1N5J9,312
I1N5K6,638
I1N5K6,639
I1N5K6,642
I1N5M1,860
I1N5M1,862
I1N5M4,436
I1N5M4,439
I1N5M4,441
I1N5Z6,1066
I1N5Z6,788
I1N675,126
I1N675,128
I1N675,130
I1N675,151
I1N675,153
I1N675,155
I1N675,162
I1N675,164
I1N675,166
I1N675,168
I1N675,187
I1N675,189
I1N675,191
I1N675,193
I1N675,200
I1N675,202
I1N675,204
I1N675,206
I1N675,213
I1N675,215
I1N675,217
I1N675,219
I1N675,239
I1N675,241
I1N675,243
I1N675,245
I1N675,252
I1N675,254
I1N675,256
I1N675,258
I1N675,265
I1N675,267
I1N675,269
I1N675,271
I1N675,341
I1N761,655
I1N7G3,518
I1N7Z0,19
I1N892,228
I1N892,230
I1N8D1,375
I1N8H9,120
I1N8H9,195
I1N8H9,199
I1N8H9,200
I1N8H9,434
I1N8H9,437
I1N8H9,483
I1N8H9,524
I1N8H9,525
I1N8H9,528
I1N8H9,530
I1N8H9,538
I1N8H9,540
I1N8H9,542
I1N8H9,543
I1N8H9,890
I1N8H9,894
I1N8Q6,417
I1N8Q6,419
I1N8U1,326
I1N8U1,328
I1N8U1,332
I1N8U1,333
I1N8U1,338
I1N9Q0,90
I1N9Q0,92
I1N9T1,250
I1N9T1,252
I1N9T1,253
I1N9T1,255
I1N9T1,257
I1N9W2,629
I1N9W2,631
I1N9Y3,614
I1N9Z5,176
I1N9Z5,194
I1NA37,128
I1NA37,40
I1NA37,54
I1NA37,55
I1NA37,60
I1NA37,67
I1NA70,13
I1NA70,19
I1NAI7,275
I1NAQ4,183
I1NAQ4,237
I1NAU4,151
I1NBD4,362
I1NBD4,370
I1NBD4,372
I1NBI0,202
I1NBI0,203
I1NBI0,204
I1NBI0,207
I1NBI8,67
I1NBI8,69
I1NBI8,73
I1NBI8,75
I1NBL1,693
I1NBL7,24
I1NBX1,13
I1NBX1,9
I1NBY3,298
I1NBY3,300
I1NBZ4,53
I1NBZ4,55
I1NC10,283
I1NC10,284
I1NC10,320
I1NC10,337
I1NCE2,268
I1NCE2,315
I1NCG0,132
I1NCX7,182
I1ND04,1308
I1ND04,212
I1ND04,214
I1ND04,882
I1ND04,887
I1ND04,893
I1ND04,896
I1ND04,899
I1ND04,906
I1ND04,910
I1ND67,85
I1ND75,244
I1NDC0,144
I1NDC0,146
I1NDC1,13
I1NDC1,1346
I1NDC1,14
I1NDC1,16
I1NDG6,326
I1NDG6,330
I1NDG6,334
I1NDG6,339
I1NDG6,342
I1NDG6,419
I1NDG6,546
I1NDG9,191
I1NDG9,193
I1NDI0,228
I1NDI0,259
I1NDI0,271
I1NDI0,284
I1NE01,561
I1NEL3,58
I1NEN3,110
I1NEN3,113
I1NEN3,114
I1NEN3,115
I1NEN3,116
I1NEN3,182
I1NEN3,187
I1NEN3,193
I1NEN3,567
I1NEY0,22
I1NEY0,37
I1NEY0,39
I1NEY4,65
I1NF03,414
I1NF03,430
I1NF03,434
I1NF91,146
I1NFF9,275
I1NFH2,148
I1NFH2,15
I1NFH2,152
I1NFH2,153
I1NFH2,154
I1NFH2,16
I1NFH2,17
I1NFH2,257
I1NFH2,259
I1NFH2,383
I1NFH2,836
I1NFH2,93
I1NFH2,95
I1NFI2,32
I1NFP9,231
I1NFP9,235
I1NFP9,314
I1NFP9,315
I1NFP9,34
I1NFP9,348
I1NFP9,353
I1NFP9,36
I1NFP9,405
I1NFP9,408
I1NFP9,410
I1NFP9,411
I1NFP9,413
I1NFP9,414
I1NG24,209
I1NG24,229
I1NG24,232
I1NG30,132
I1NG30,20
I1NGD4,280
I1NGF0,36
I1NGF0,79
I1NGH2,137
I1NGL5,16
I1NGL5,17
I1NGP9,181
I1NGP9,199
I1NGP9,201
I1NGP9,209
I1NGP9,212
I1NGP9,217
I1NGP9,225
I1NGP9,228
I1NGP9,247
I1NGP9,265
I1NGP9,288
I1NGP9,290
I1NGP9,292
I1NGP9,317
I1NGP9,318
I1NGP9,327
I1NGP9,353
I1NGP9,361
I1NGS1,156
I1NH15,687
I1NH15,695
I1NH16,39
I1NH16,41
I1NH22,628
I1NH63,210
I1NH63,640
I1NH98,166
I1NH98,2
I1NH98,3
I1NH98,5
I1NH98,66
I1NH98,72
I1NH98,74
I1NH98,75
I1NH98,83
I1NH98,88
I1NHN1,251
I1NHN1,41
I1NHN1,84
I1NHN1,86
I1NHP3,126
I1NHP3,137
I1NHY1,121
I1NHY5,214
I1NI99,507
I1NI99,509
I1NIK3,168
I1NIK3,170
I1NIN5,339
I1NIN5,342
I1NIN5,348
I1NIN5,352
I1NIN5,406
I1NIN5,412
I1NIN5,414
I1NIN5,416
I1NIN5,423
I1NIN5,440
I1NIT6,586
I1NIT6,730
I1NJ06,525
I1NJ06,528
I1NJ25,116
I1NJ25,29
I1NJ25,63
I1NJ75,263
I1NJ98,189
I1NJ98,194
I1NJ98,200
I1NJ98,204
I1NJ98,206
I1NJ98,234
I1NJ98,244
I1NJ98,252
I1NJ98,253
I1NJ98,255
K7K129,638
K7K129,640
K7K129,644
K7K129,649
K7K129,651
K7K129,894
K7K129,897
K7K129,899
K7K129,904
K7K149,867
K7K149,868
K7K149,870
K7K149,871
K7K151,148
K7K151,159
K7K151,163
K7K151,237
K7K151,239
K7K151,247
K7K1N0,384
K7K1N0,386
K7K1N0,388
K7K1N0,390
K7K2H1,461
K7K2R7,621
K7K3E3,358
K7K3E3,360
K7K3E3,363
K7K3E3,382
K7K3J6,260
K7K3J6,262
K7K3R4,146
K7K3X4,138
K7K3X4,140
K7K3X4,141
K7K3X4,142
K7K3X4,146
K7K3X4,149
K7K3Z9,108
K7K3Z9,110
K7K3Z9,111
K7K3Z9,112
K7K400,170
K7K400,173
K7K400,176
K7K4M3,232
K7K4M3,235
K7K4M3,237
K7K501,159
K7K501,162
K7K501,164
K7K501,165
K7K501,168
K7K501,294
K7K501,296
K7K5I1,7
K7K5S3,143
K7K6E0,655
K7K6E0,659
K7K6E0,660
K7K6U6,23
K7K760,1120
K7K790,10
K7K790,15
K7K790,16
K7K790,8
K7K7H5,1024
K7K7H5,1031
K7K7H5,1035
K7K7H5,1037
K7K7H5,1039
K7K7H5,913
K7K7H5,914
K7K7H5,916
K7K7H5,925
K7K7H5,934
K7K7H5,937
K7K7Y5,597
K7K7Y5,601
K7K7Y5,602
K7K7Y5,606
K7K7Y5,609
K7K7Y5,610
K7K9D0,848
K7K9D0,852
K7K9D0,868
K7K9D0,870
K7K9D0,872
K7K9D0,873
K7K9K2,1833
K7K9Q0,60
K7K9Q0,62
K7K9Q0,64
K7K9Q0,65
K7K9Q0,67
K7K9Q0,70
K7K9T5,71
K7K9T5,73
K7K9Y2,145
K7KA24,417
K7KA24,426
K7KA61,61
K7KA61,63
K7KAD5,47
K7KAI9,212
K7KAI9,213
K7KAI9,214
K7KAI9,234
K7KAI9,235
K7KAI9,340
K7KAL6,201
K7KAN4,10
K7KAN4,2
K7KAZ7,297
K7KAZ9,372
K7KB77,391
K7KB77,393
K7KB77,396
K7KB77,397
K7KB77,477
K7KB77,480
K7KB77,563
K7KB77,565
K7KB77,568
K7KB77,571
K7KB77,572
K7KBH1,616
K7KBH1,619
K7KBH1,621
K7KBH1,625
K7KBH1,884
K7KCN2,222
K7KCN2,62
K7KCN2,65
K7KCN2,69
K7KDT9,138
K7KDT9,89
K7KDX4,76
K7KDX4,78
K7KDX4,81
K7KDX4,82
K7KE84,194
K7KE84,195
K7KEJ7,133
K7KEJ7,139
K7KEL5,414
K7KEL5,420
K7KEL5,428
K7KER1,650
K7KF30,268
K7KFE6,51
K7KFI5,3
K7KFI9,367
K7KGB2,89
K7KGB2,90
K7KGB2,92
K7KGE8,41
K7KGE8,45
K7KGE9,380
K7KGE9,381
K7KGE9,384
K7KGE9,387
K7KGU2,419
K7KGU2,426
K7KGU2,428
K7KH95,32
K7KH95,34
K7KHD8,113
K7KHF4,48
K7KHJ8,827
K7KHP9,465
K7KHP9,467
K7KHP9,469
K7KHP9,470
K7KHP9,471
K7KHR5,319
K7KHV7,397
K7KHW0,118
K7KIF9,23
K7KJF6,349
K7KJF6,351
K7KJN7,153
K7KJN7,319
K7KJW2,149
K7KJW2,154
K7KJY7,67
K7KKF9,1227
K7KKF9,536
K7KKF9,537
K7KKF9,539
K7KKI4,295
K7KKI4,297
K7KKV1,798
K7KKV1,802
K7KL66,722
K7KLB3,759
K7KLB3,760
K7KLB3,763
K7KLH6,116
K7KLH6,118
K7KLH6,21
K7KLH6,321
K7KLH6,323
K7KLQ5,666
K7KM33,36
K7KM33,37
K7KM33,44
K7KM74,123
K7KM81,329
K7KM81,330
K7KM81,332
K7KM81,334
K7KM81,336
K7KMF7,858
K7KMK0,400
K7KMQ4,303
K7KMQ4,304
K7KMQ4,305
K7KMS0,146
K7KNB2,10
K7KNB2,8
K7KNN9,115
K7KNN9,118
K7KNP4,1919
K7KNP7,337
K7KNP7,340
K7KNP7,652
K7KNV7,45
K7KNV7,46
K7KP02,498
K7KP85,59
K7KPN7,25
K7KPP6,873
K7KPY6,4
K7KPY6,6
K7KPZ4,2320
K7KPZ4,2321
K7KPZ4,2324
K7KPZ4,2326
K7KQA4,268
K7KQA4,289
K7KQA4,303
K7KQC0,1038
K7KQC0,1051
K7KQC7,339
K7KQN4,186
K7KQN4,189
K7KQN4,191
K7KQN4,425
K7KQN4,427
K7KQN4,433
K7KQY0,1061
K7KQY0,906
K7KRZ7,196
K7KRZ7,203
K7KS04,439
K7KS04,446
K7KS19,407
K7KS19,411
K7KS72,180
K7KS75,906
K7KS75,908
K7KSE0,42
K7KSN9,325
K7KSN9,51
K7KSN9,53
K7KSN9,664
K7KSN9,665
K7KSN9,669
K7KSN9,672
K7KSN9,675
K7KSN9,785
K7KSQ0,1122
K7KSQ0,1123
K7KSQ0,1127
K7KSQ0,1128
K7KSQ0,1131
K7KTA0,159
K7KTA0,164
K7KTI3,462
K7KTI3,467
K7KTN0,1686
K7KTN0,1687
K7KTN0,1689
K7KTN0,194
K7KTN0,197
K7KTN0,201
K7KTQ0,417
K7KTQ0,504
K7KTQ0,511
K7KTQ0,512
K7KTQ0,514
K7KTQ0,515
K7KTR9,198
K7KUB4,216
K7KUE2,120
K7KUJ3,644
K7KUJ3,656
K7KUJ3,660
K7KUJ3,665
K7KUU1,16
K7KUU1,18
K7KUU1,20
K7KVJ3,80
K7KVS9,41
K7KVS9,43
K7KVZ9,705
K7KVZ9,707
K7KVZ9,709
K7KW48,157
K7KW48,158
K7KW48,163
K7KW48,165
K7KW48,167
K7KWC5,131
K7KYC3,148
K7KYE0,318
K7KYE0,326
K7KYE0,328
K7KYE0,331
K7KYE0,334
K7KYG5,266
K7KYG5,269
K7KYJ0,118
K7KYN1,102
K7KYN1,227
K7KYN1,230
K7KYN1,56
K7KYN1,57
K7KYN1,63
K7KYQ4,48
K7KYY3,786
K7KYY3,790
K7KYZ7,890
K7KYZ7,905
K7KZ35,59
K7KZF0,617
K7KZF0,622
K7KZK8,374
K7L0H0,703
K7L0I1,149
K7L0I1,170
K7L0I1,225
K7L0P3,67
K7L0V6,389
K7L119,284
K7L119,309
K7L119,311
K7L119,317
K7L119,318
K7L134,291
K7L2P2,161
K7L2Y3,732
K7L2Y3,735
K7L2Y3,736
K7L312,421
K7L312,422
K7L312,426
K7L3F8,1649
K7L3F8,2159
K7L3I2,75
K7L3S3,3273
K7L3S3,3336
K7L3S3,3381
K7L4G7,162
K7L4G7,175
K7L4X0,434
K7L4X0,436
K7L517,315
K7L517,319
K7L517,320
K7L544,403
K7L5D9,53
K7L5D9,702
K7L5D9,705
K7L5D9,711
K7L5D9,713
K7L5D9,717
K7L5D9,718
K7L5D9,720
K7L5L6,2416
K7L5P1,16
K7L5P1,194
K7L5T9,337
K7L5T9,340
K7L5T9,436
K7L5T9,439
K7L5T9,442
K7L5T9,513
K7L5T9,515
K7L5T9,556
K7L5T9,771
K7L5T9,836
K7L5T9,838
K7L5T9,841
K7L640,1333
K7L640,1335
K7L6A1,340
K7L6A1,343
K7L6R1,341
K7L6R1,342
K7L6R2,124
K7L6R2,75
K7L6S8,1055
K7L6S8,1095
K7L6S8,386
K7L6S8,390
K7L6S8,392
K7L787,186
K7L787,191
K7L787,193
K7L787,196
K7L787,197
K7L787,289
K7L7L2,150
K7L825,22
K7L825,24
K7L882,290
K7L882,294
K7L882,89
K7L882,91
K7L886,120
K7L886,46
K7L895,668
K7L895,669
K7L895,841
K7L895,851
K7L8A0,15
K7L8A0,168
K7L8A0,216
K7L8A0,217
K7L8A0,347
K7L8A0,9
K7L8U3,351
K7L935,293
K7L935,294
K7L948,324
K7L959,324
K7L9G1,489
K7L9G1,953
K7L9I3,705
K7L9I3,717
K7L9I3,730
K7L9I3,733
K7L9V4,169
K7L9V4,213
K7L9V4,22
K7L9V4,24
K7L9V4,56
K7L9V4,58
K7L9V4,79
K7L9V4,81
K7L9V4,82
K7LA55,979
K7LA94,274
K7LA94,275
K7LAB8,354
K7LAB8,613
K7LAB8,615
K7LAB8,619
K7LAB8,622
K7LAB8,642
K7LAB8,646
K7LAB8,649
K7LAB8,673
K7LAB8,676
K7LAF0,109
K7LAK0,179
K7LB98,136
K7LBE9,507
K7LBG5,756
K7LBQ2,89
K7LCJ7,333
K7LCU5,1161
K7LCU5,1162
K7LCU5,1169
K7LCU5,274
K7LCU5,616
K7LCU5,635
K7LCU5,638
K7LCU5,655
K7LCU5,656
K7LCU5,82
K7LEG4,202
K7LEG4,204
K7LEH0,673
K7LEH0,692
K7LEL6,184
K7LEQ5,251
K7LEQ8,588
K7LEQ8,592
K7LEQ8,596
K7LER4,387
K7LER4,389
K7LER4,390
K7LER4,396
K7LEU7,37
K7LEU7,39
K7LEU7,40
K7LEU7,41
K7LEU7,418
K7LEU7,420
K7LEU7,422
K7LEU7,423
K7LEU7,56
K7LEW4,103
K7LEW4,98
K7LF19,222
K7LF24,506
K7LF24,512
K7LF24,515
K7LF28,95
K7LF38,711
K7LF38,714
K7LF38,716
K7LFA2,103
K7LFC4,338
K7LFC4,340
K7LFG5,303
K7LFG5,304
K7LFG5,455
K7LFG5,459
K7LFG5,461
K7LFG5,619
K7LFG5,623
K7LFG5,625
K7LFG5,70
K7LFG5,72
K7LFG5,73
K7LFG5,76
K7LFG5,78
K7LFG5,82
K7LFI1,496
K7LFI6,1051
K7LFW0,518
K7LFX4,466
K7LG16,362
K7LG16,366
K7LG16,368
K7LG16,399
K7LG16,401
K7LG34,272
K7LGQ7,328
K7LGQ7,330
K7LGQ7,332
K7LGQ7,51
K7LGR1,192
K7LGR1,346
K7LGR1,347
K7LGR1,351
K7LGR1,354
K7LGR1,358
K7LGR1,684
K7LH21,495
K7LH23,67
K7LH23,69
K7LH23,71
K7LH23,72
K7LH23,75
K7LH30,201
K7LH30,204
K7LH30,208
K7LHS3,385
K7LHS3,386
K7LIT1,622
K7LIT1,625
K7LIT1,632
K7LIT1,642
K7LJD7,187
K7LJD7,433
K7LJD7,434
K7LJD7,437
K7LK56,1261
K7LK56,1276
K7LK56,1279
K7LK56,840
K7LK56,857
K7LK56,858
K7LK56,869
K7LK56,872
K7LK56,875
K7LK66,48
K7LK66,49
K7LK66,50
K7LK66,51
K7LK66,53
K7LKC2,1059
K7LKC2,1062
K7LKS1,23
K7LKS1,25
K7LKS1,26
K7LL08,44
K7LL10,307
K7LL10,308
K7LL10,310
K7LL10,312
K7LL10,313
K7LLG4,491
K7LLG4,492
K7LLG4,494
K7LLG4,495
K7LLG4,496
K7LM33,1179
K7LM54,200
K7LMF8,927
K7LMF8,931
K7LMF8,934
K7LMH0,148
K7LMH0,149
K7LMH0,151
K7LMH0,154
K7LMH4,82
K7LML2,758
K7LML2,760
K7LML8,613
K7LMT6,931
K7LMT6,933
K7LMT6,934
K7LMT6,935
K7LN60,321
K7LN60,355
K7LNA8,2055
K7LNA8,2056
K7LNA9,33
K7LNA9,35
K7LNQ6,371
K7LNX9,415
K7LP01,491
K7LP01,492
K7LP01,496
K7LP01,498
K7LP50,311
K7LPC3,3491
K7LPC3,3496
K7LPC3,3584
K7LPC3,3587
K7LPC3,3589
K7LPF1,397
K7LPF1,405
K7LPF1,406
K7LPN1,424
K7LPN1,426
K7LPN1,429
K7LPN1,430
K7LQ64,122
K7LQ64,124
K7LQ64,127
K7LQ96,916
K7LQ96,917
K7LQ96,922
K7LQ96,923
K7LQ96,926
K7LQ96,929
K7LQ96,934
K7LR64,349
K7LR64,378
K7LR64,670
K7LR68,782
K7LRR5,158
K7LRS2,152
K7LRW5,836
K7LS35,85
K7LS35,87
K7LSQ6,317
K7LSQ6,320
K7LSR3,611
K7LSR3,617
K7LSR3,620
K7LT69,100
K7LT69,166
K7LT69,173
K7LT69,291
K7LT69,294
K7LT69,97
K7LT69,99
K7LTA8,298
K7LTA8,299
K7LTA8,300
K7LTA8,311
K7LTA8,315
K7LTA8,608
K7LTZ3,26
K7LTZ3,28
K7LTZ3,30
K7LTZ3,32
K7LTZ3,33
K7LU00,101
K7LU00,103
K7LU00,104
K7LU00,108
K7LU11,30
K7LU11,48
K7LU20,106
K7LU20,109
K7LU20,125
K7LU20,138
K7LU20,218
K7LU20,241
K7LUD5,440
K7LUD5,444
K7LUH0,420
K7LUH0,422
K7LUM5,674
K7LUM5,676
K7LV47,292
K7LV47,293
K7LVD8,257
K7LVD8,258
K7LVD8,4
K7LW22,353
K7LW30,85
K7LW50,164
K7LWL6,913
K7LWL6,915
K7LX01,290
K7LX01,292
K7LX01,295
K7LX01,297
K7LX01,302
K7LX01,303
K7LX58,143
K7LX58,145
K7LY67,174
K7LY67,177
K7LY67,180
K7LY67,182
K7LY86,331
K7LY86,525
K7LY86,527
K7LY97,50
K7LY97,54
K7LY97,58
K7LZS3,631
K7LZS3,646
K7LZS3,648
K7LZS3,651
K7LZS3,657
K7LZS3,660
K7LZS3,662
K7LZS3,988
K7LZT8,229
K7LZT8,237
K7LZT8,239
K7M039,599
K7M039,601
K7M039,602
K7M039,91
K7M039,93
K7M043,325
K7M043,327
K7M043,353
K7M1I2,229
K7M1I2,416
K7M1I2,418
K7M1I2,420
K7M1P8,858
K7M1P8,860
K7M1T5,10
K7M1T5,17
K7M1T5,177
K7M1T5,183
K7M1T5,19
K7M1T5,20
K7M1T5,21
K7M1T5,23
K7M1T5,34
K7M1T5,35
K7M1V6,149
K7M1V8,585
K7M247,1003
K7M247,957
K7M2A2,477
K7M2D8,475
K7M2D8,477
K7M300,169
K7M300,211
K7M324,139
K7M324,146
K7M344,441
K7M344,443
K7M344,445
K7M3E3,385
K7M3E3,386
K7M3E3,387
K7M3S0,27
K7M3S0,30
K7M3S0,31
K7M3S0,34
K7M3S0,35
K7M3S0,834
K7M3S0,835
K7M3S0,836
K7M3T0,825
K7M4F5,511
K7M4F5,570
K7M4F5,573
K7M4F5,575
K7M4F5,581
K7M4H9,178
K7M4H9,182
K7M4H9,183
K7M4Z7,306
K7M5G4,1528
K7M5G4,1529
K7M5G4,499
K7M5G4,695
K7M5G4,733
K7M5L2,325
K7M5L2,326
K7M5L2,328
K7M5L2,340
K7M5L2,342
K7M5V0,146
K7M5V0,178
K7M5V0,315
K7M5V0,317
K7M5W0,222
K7M6I8,225
K7M6I8,226
K7M6I8,228
K7M6I8,230
K7M6I8,231
K7M6I8,233
K7M6I8,283
K7M6I8,286
K7M6I8,288
K7M6I8,289
K7M6I8,291
K7M6I8,294
K7M6I8,313
K7M6I8,317
K7M6Y5,37
K7M6Y5,48
K7M750,271
K7M750,275
K7M750,276
K7M750,278
K7M7T2,7
K7M844,123
K7M8F4,753
K7M911,224
K7M911,226
K7M9J7,231
K7M9J7,232
K7M9J7,236
K7M9J7,526
K7M9J7,527
K7M9J7,528
K7M9J7,532
K7M9J7,576
K7M9J7,578
K7M9J7,580
K7M9J7,581
K7M9K9,693
K7M9N1,18
K7M9N1,20
K7M9T4,510
K7M9T4,514
K7M9T4,515
K7M9T4,520
K7M9T4,534
K7M9T4,535
K7MA29,440
K7MA29,443
K7MA29,805
K7MAD4,286
K7MAD4,287
K7MAD4,290
K7MAD4,291
K7MAD4,293
K7MAQ4,78
K7MAQ4,80
K7MAQ4,82
K7MAX3,1363
K7MAX3,1491
K7MAX3,1494
K7MAX3,1506
K7MAX3,1509
K7MAX3,1517
K7MAX3,1586
K7MAX3,1587
K7MAX3,1588
K7MAX3,1591
K7MAX3,1596
K7MAX3,1631
K7MAX3,1635
K7MAX3,1637
K7MAX3,1647
K7MB13,2
K7MBQ9,318
K7MCX3,86
K7MCX3,88
K7MEC9,276
K7MED3,475
K7MED3,476
K7MED3,477
K7MED3,479
K7MEI2,204
K7MEI2,205
K7MEI2,206
K7MEI2,207
K7MEU2,1811
K7MEV8,278
K7MEV8,289
K7MEV8,292
K7MEV9,507
K7MEV9,508
K7MEV9,764
K7MEX0,163
K7MEX0,164
K7MEX0,393
K7MF34,216
K7MF34,217
K7MF34,223
K7MF37,654
K7MF37,656
K7MF37,658
K7MF37,665
K7MF37,670
K7MFC0,1342
K7MFC0,1344
K7MFC0,1427
K7MFC0,1428
K7MFC0,1430
K7MFC0,1431
K7MFC0,1438
K7MFC0,1533
K7MFC0,1534
K7MFC0,1535
K7MFC0,1537
K7MFC0,1542
K7MFQ3,119
K7MFT0,16
K7MFT0,713
K7MG96,74
K7MG96,76
K7MGE9,266
K7MGE9,268
K7MGJ3,143
K7MGJ3,386
K7MGP4,447
K7MGX2,114
K7MGX2,115
K7MGX2,387
K7MGX2,388
K7MGX2,391
K7MGX2,393
K7MGX2,396
K7MH19,849
K7MHE0,406
K7MHE0,408
K7MHE0,410
K7MHE0,446
K7MHE0,460
K7MHE0,466
K7MHE0,467
K7MHE0,527
K7MHE0,696
K7MHF2,259
K7MHF2,260
K7MHI8,139
K7MHI8,50
K7MHP0,193
K7MHP0,197
K7MHS3,344
K7MHS3,345
K7MHS3,346
K7MHS3,350
K7MHS5,129
K7MHS5,196
K7MHS5,198
K7MHS5,201
K7MID0,146
K7MJ07,59
K7MJ07,63
K7MJ07,67
K7MJ13,60
K7MJ17,474
K7MKS7,217
K7ML17,198
K7ML28,594
K7MM08,133
K7MM08,134
K7MM08,135
K7MM08,139
K7MM08,141
K7MM08,142
K7MM13,464
K7MM13,465
K7MM13,467
K7MM13,477
K7MM13,648
K7MM13,656
K7MM17,723
K7MM61,1566
K7MMG2,167
K7MMG2,168
K7MMG2,173
K7MNJ9,6
K7MNL8,484
K7MNW2,21
K7MNW2,402
K7MNW2,403
K7MNW2,405
K7MNZ1,390
K7MP01,23
K7MP01,432
K7MP75,201
K7MP75,874
K7MPZ2,431
K7MQ32,57
K7MQI3,141
K7MQI3,526
K7MQI3,527
K7MQI3,528
K7MQI3,675
K7MR15,729
K7MR64,845
K7MS40,488
K7MSG1,577
K7MSG1,581
K7MSX8,14
K7MTR3,314
K7MTR3,329
K7MTR3,331
K7MTR3,549
K7MTZ9,338
K7MU26,516
K7MU26,518
K7MU26,522
K7MU26,523
K7MU48,505
K7MU75,453
K7MUA7,228
K7MUF2,42
K7MUF2,47
K7MUF2,49
K7MUF2,51
K7MUT7,44
K7MUT7,449
K7MUV5,386
K7MVC4,116
K7MVC4,118
K7MVC4,122
K7MVC4,124
K7MVC4,128
K7MVC4,35
K7MVC4,36
K7MVF5,178
K7MVM2,547
K7MVM2,583
K7MVQ0,392
K7MVQ0,394
K7MW28,469
K7MW65,320
K7MWX0,122
K7MWX0,136
K7MWX0,137
K7MXS5,377
K7MXS5,495
K7MYX1,412
K7MYX1,415
K7MYX1,416
K7MZ66,808
K7MZ66,811
K7MZ66,812
K7MZ66,813
K7MZ66,814
K7MZ72,39
K7MZI3,120
K7MZI3,123
K7MZI3,566
K7MZI3,568
K7MZI3,674
K7MZI3,676
K7MZI3,688
K7MZI3,689
K7N0A5,47
K7N0A5,49
K7N0A5,51
K7N0N4,103
K7N0N4,168
K7N0N4,92
K7N0N4,98
K7N0Y5,436
K7N1E3,9
K7N1J6,139
K7N1N7,281
K7N1N7,282
K7N2C3,9
K7N327,470
K7N347,50
K7N347,514
K7N347,622
K7N347,88
K7N347,89
K7N347,96
K7N347,99
K7N378,745
K7N3A9,925
K7N3A9,927
K7N3A9,931
K7N3A9,955
K7N3G1,209
K7N3G1,211
K7N3G1,212
K7N3G1,213
K7N3G1,410
K7N3G1,415
K7N3G1,967
K7N3G1,974
K7N3G1,976
K7N3G1,977
K7N3G1,980
K7N3W3,31
K7N3W3,33
K7N4P0,515
K7N4V7,66
K7N4V7,76
K7N4W2,168
K7N4W2,172
K7N4Y1,1133
K7N4Y1,1138
K7N550,187
K7N597,694
K7N597,695
K7N597,698
K7N597,699
K7N597,702
M1FPK0,84
O64458,350
P02236,46
P04776,109
P04776,110
P19594,155
P28759,172
P43210,49
P43210,51
Q0PJI2,36
Q0PJI2,59
Q0PJI2,61
Q2PMP0,1508
Q2PMQ6,3
Q2PMQ6,5
Q2PMT8,2
Q2TUW1,65
Q2TUW1,66
Q2TUW1,67
Q2TUW1,68
Q2V732,357
Q5EMP6,18
Q5EMP6,20
Q93YH8,162
Q93YH8,87
Q9FQE6,226
Q9M6D6,444
Q9S7N8,73
Q9SWB4,36
Q9XES8,31
I1NCP4,101
I1NCP4,111
I1NCP4,115
I1NCP4,121
I1NCP4,122
I1NCP4,124
I1NCP4,127
I1NCP4,15
I1NCP4,18
I1NCP4,19
I1NCP4,221
I1NCP4,245
I1NCP4,43
I1NCP4,47
I1NCP4,97
I1NCT6,294